{
    "beacons" : [
                 {
                 "position" : {
                 "x" : -2.924995549258982,
                 "y" : -0.134449486855697,
                 "orientation" : 84.76260375976562
                 },
                 "beacon" : {
                 "mac" : "ff11a3858d44",
                 "color" : 0
                 }
                 },
                 {
                 "position" : {
                 "x" : -2.133171377938579,
                 "y" : 3.460484625683051,
                 "orientation" : 169.410097989169
                 },
                 "beacon" : {
                 "mac" : "d8689a077fa1",
                 "color" : 0
                 }
                 },
                 {
                 "position" : {
                 "x" : 2.643625545271732,
                 "y" : 0.3143619118803609,
                 "orientation" : 278.1188115206631
                 },
                 "beacon" : {
                 "mac" : "e6b0e928fdde",
                 "color" : 0
                 }
                 },
                 {
                 "position" : {
                 "x" : -0.3320703025059166,
                 "y" : -4.281640639511853,
                 "orientation" : 355.2465622641823
                 },
                 "beacon" : {
                 "mac" : "d23c0f25e46c",
                 "color" : 0
                 }
                 }
                 ],
    "created_at" : "2015-04-13T07:09:37.264Z",
    "walls" : [
               {
               "x2" : 3.235632188773853,
               "orientation" : 169.410097989169,
               "x1" : -3.235632188773853,
               "y2" : 4.464249581144665,
               "y1" : 3.254365792513695
               },
               {
               "x2" : 2.015829692019623,
               "orientation" : 278.1188115206631,
               "x1" : 3.235632188773853,
               "y2" : -4.086403347803504,
               "y1" : 4.464249581144665
               },
               {
               "x2" : -2.52810329040698,
               "orientation" : 355.2465622641823,
               "x1" : 2.015829692019623,
               "y2" : -4.464249581144665,
               "y1" : -4.086403347803504
               },
               {
               "x2" : -3.235632188773853,
               "orientation" : 84.76260375976562,
               "x1" : -2.52810329040698,
               "y2" : 3.254365792513695,
               "y1" : -4.464249581144665
               }
               ],
    "version" : "0.3",
    "orientation" : 0,
    "name" : "Store Map",
    "linear_objects" : [
                        {
                        "x2" : -2.766555497871426,
                        "orientation" : 84.76260375976562,
                        "x1" : -2.876094572469596,
                        "y2" : -1.862912902648342,
                        "type" : 0,
                        "y1" : -0.6679228645575731
                        }
                        ]
}